frameIndex;frameTime;pcm_RMSenergy;pcm_LOGenergy
0;0.000000;8.867404e-001;-2.404059e-001
1;1.000000;9.077009e-001;-1.936807e-001
2;2.000000;9.387068e-001;-1.265041e-001